"X","logFC","FDR","sequence"
"PSME_21469",16.3167248917474,0.0120487861631075,"ATGGCGAATGAGTTGGGATCTGTGAGGTCTCCGGGATGCGTCGAGTTTTATGTAAAACTCGCAACATTTCTGCTTGCATTCGTGGCGGCTTGGAGCTTCTTCGTCAGGTGGACAAACAGGAAGCTGCCCCCGGGGCCGTTCCCGTTGCCCCTGATTGGAAACCTTCACCAGCTGGGAGACCTTCCACACCAAGCGCTGGCAGCTCTTTCTACAAAATACGGTCCTCTGCTGTCTCTACACCTTGGCTCGGCACTCACCTTGGTTGTGTCTTCTCCAGATATGGCCAGGGAGTTTCTCAAGACTCATGACCAGTTTTTTGCCAGTAGACCTCCAACCGCTGCCACCAATTGTTTGTGGTATAATTGCACTGACATCGGATTTGCTCCCAACGGCACTTATTGGAGACAAATGCGCAAGTTCTGCGTTTCACGGTTGCTCAGCTCCAGGCGCTTGCAGTATTTCCGCTTCATAAGAGAAGAGGAAGTATCTGCTATGATTCAGTCTATTGTTAAAGCAAATCCTGGTAAGGGCTCCAGTACTGCCGTAAACATGAGCAAAATCCTGTCAAACCTTGCCTTCGCTATACTGTGCAGGATTTCCTTCAGTGAGAAGTTCTCTGACCAAGACTCCATTGGCAGCACAAGGATCAGTGCAATGATGAAGGAAACTACTATGCTAGGCGGTGCTTTTAACATCGGAGACTACATACCATACTTGGCCTGGATGGATCTGCAGGGCCTTAACCGTCGATTGAAGAGCCTACATAAGATACAAGACGAGTTCCTCGAGAAAATAATAGACGAACACGTTCTGAAGAATGAATCCAACGTCGGCACGCAAGATCTCGTAGATGTTTTGCTTGCAGCCTCTGCAGATAAAGACATGAAGATGGAGTTCCAGATTACACGAGACAATATAAAGGCCGTCGTCTCTGATATGTTAGTTGCTGGCACTGATGTATCGGCTACAAGCATAGAGTGGGCAATGTCCGAATTGTTGAGGAACTCCCAGTTGTTGAAGAAGGTTCAGGACGAGCTGGAACGTGTAGTCGGATTGGGGCCGGGGCCGCTTGGTATTCCCCACTTGTCTGCGGAAGCCTGCAATGTGTTGGGCTATGAAATCCCGAGAAACACTCGCGTTTACGTGAACATCTGGGCAATCGGAAGGGACCCAAAGTCTTGGGAGGATCCAGAACGGTTCGACCCAGAGAGATTCATGCAAGCTGCAGTTAGCTCGCTGGAGACAAAAGTTCAAAACTGTGAGTGGATTCCGTTCGGAGCGGGCAGGAGAGGATGCCCAGGAGAAGGGTTGGGATTGCTTGTTGTAGAGTTTGGACTGGCGCAGCTAATGCACTGTTTTGATTGGAGGCTTCCCGATGAGATGAATGGGCAGGAATTGGATATGTCTGAAAGGTTTAATTGGATGACACTGCACAGGGCACATCAACTCTCGGCTGTTGCGACTCCTCGCCTTACAGTACCACTGTAA"
"PSME_27306",-7.58832597190868,0.0120487861631075,"ATGTTGCATAAGATATGGGATGATACTCTTGGTGGTCCACAGCCAGACAGCGGCCTCGGCAAGCTCCGCAAGAATTCTACTTTCAACGCTACCCACGGATCAGCAGGCAAAACGCAGGTGAGATCCCAGCTTGATGTTGACGAAATGAGTGAGGGAAATCGTGTGATTGGAAAGCTGCCGAAATTCCAACGGTCTCTATCTATGGAAGGTAGCTCCTCATCTACTAGGCCTCCCTCCTCACCAACTGCAGCCTCTTCCTCGTCAGCTTCCTCTACTCCGAGAGATCGAGAGAACGTATGGAGAAGCGTGTTCGACCCGGGTAGTAACATCAATACCAAGTCAATTGGATCCGAAAAATTCGACAAAGCAGGAGAAGCACAGAGCCCTACTGTTTATGACTGGCTCTACAGTGGAGAATCGAGGTCCAAATGGTGCTGA"
"PSME_31667",13.2942992072746,0.0139414451719792,"ATGATGTTGAGCAGCAATCAAAGTTTATACTCTTCTCAGGCAGCCACAGCACCCACGGCGTTTCCGTTTAAGTTTACGACCGTGGATGGCAAGAGCGCAGCTGCTAGAAAATATGATTACATTGTAGTTGGAGGAGGAACGGCCGGCTGCCCCTTGGCCGCAACGCTGTCTACCAAGTATTCAGTCTTGGTAGTGGAGAGAGGAGGATCTCCTTATGGAAATCCCGACATCGAGAACGCTGATGCTTTTGGAAAGGTATTGGGTGAGACAGACAATTACACTTCCGTAGCGCAGACGTTTGTTTCAGAGGATGGAGTGAGTAACGTTAGAGCCAGAGTTCTGGGAGGAGGAACTGCTATCAACGCCGGCTTCTATAGCAGGGCGAGCTCCGAATATGTTCGTAATGTGGGATGGGACGAGGATCTTGTAGAGGAGTCGTATGAATGGGTGGAGGAGCAGAATGCCTTCAAACCACATCAGCTCACGCCTTGGTCAGTGGCTATCAGAGATGGCCTACTGGAAGGCGGTGTTCTTCCATATAATGGATATACGTTGGATCATTTGGATGGAACCAAGATCAGTGCCTCCACCTTCGACAACAAAGGCAAAAGACATACAGCAGCAGATCTTCTCAGCATACAGGTAGTGGGCATTCTTAAAGCTTCTCAAAATTACATCGAGTCCCTAAGCAGCTTTGTAAACGGCACCCTATCCCCACTGGGCCCAAAGAAAGACAACGTTTATAGCGAAGTAATAATTGAGAAGCTGGCATTTCCATTATCGAGGGGAGAGCTTCGGCTACGCAGCACAGATCCTCGGGACAATCCATCTGTTCGATACAACTACTATTCCCACCCTCTGGACCTCGAGAGATGTGTGCATGGCGTGAGGGTCATCTCTAATCTCCTCAACTCACCGTCTCTGCGGAGATTTAATTCGAATTCCTCTCATGAGTTCAACTTCACTGGGAAACCTTTTCCAAAGAACATGTCGGATGATGCAGCCGTGGCTCAGATATGCCGTGATACTTTGAACACAATCTGGCATTTCCATGTAGGATGTGAAGTTGGGTATGTGGTTAACAAGAGATATGAGGTCAACGGAGTCGAGAGTCTCAGGATTGTGGATGCCTCAACGTTCACAGACGGTCCTGGAACCAACCCACAGTCCACCACTATCATGCTGGGCAGGTACGTGGGAATGAAGATGCTTCGAGGATGGGCGTGA"
"PSME_38503",7.52369600784627,0.0139414451719792,"ATGAACAAGGATTGTGATCAGAAGATATTTATTGTTAGTTTAAAATTTGTGGCCTGTGGACCTTACATTTCGATGGGGCATGTAGCAGAGAGGGAAGATTGGAGACAACAAAGGGAACTGGAGGTAAGGCAGTTGAAGATCCTTGGGGACTCTGACCTGGTGATATTTGATTTGTTATTTGCTGGACCGATGGCGGAACTTAAGCGTTTTTCACTTCTGGCTATTATGGCGGGGATCGTGATTGCAGTTGCTCTTGCAGCTGACGATCCCACGTTTAAAATGGTGGGAAGTGGGTGCAGCCCCCACATGATTGTTAATGCTACAGCGTTTGTAGGCAATCTGGATTCCGTTTTGCAATCCCTCCTCTCAAATCTCTCAGATGGCTTTTCTACTGCAATGCAAAACAAATCTGGCAAAACGGATCCTGTGTATGGTCTTGCAGTATGTCGGAAGTATTTAAACGCCAGCGAGTGCTCACAATGCGTCGAGAAAGCGTCGACAGAAGCAAAAGCACTCTGCGCCGGTGTTAATGGTGCTAGGGTTCATTTCGACGGCTGTCTTTTCCGCTTTGAGAATAATAGTTTTAATAGCCAGGCTGTGGACGCTGGGAATTACGTTTACTGTGCCTCCCCATTTGACAACAATCCGGAGACATTCCTTCAAAAAGCCGAGGACTTATCCGCGCAACTCATAACTAATGTTTCCGCAAAGAATGGTTATGCCACTGGATCCATCGATGGCTCCTTATATGGTCTCGCTCAGTGTTGGCCCTCTCTTACCGATAATAGTTGCCAAACATGCTTGACTGAAGCTCAGAATCAATTACTCACCTGTCCTCCAAAGCTTGAAGGTCGAGGTCTCGAGGCGGGATGTTTTATGCGCTACTCGGCTTACTCGTTTTTCACCAATAACCAGACTTCGCCATCGCTTCATTCAACACCTTCGTCGGGCAAATCGTCATCGAAAATAGTGCCTATATTGTTAGGAAGCATCGGCGGAGCAGCTCTGGTTGCGGGGATGTGCTTAATACTCTTTTGTCTACGTAATAGACAACGAAAGAACTATGATCCAACAGATGAGAATCAAGCTGCGAGGGGAAATTTCGAGCAATTCATCTTTGATTACGAGGTTCTAAGAGATTCGACTGTAAACTTTGACAGAAACAACATGCTTGGCAAAGGAGGATTCGGAGAAGTTTATAAGGGAAGACTTCCAGATGGAAGGATTGTTGCTGTTAAGAAACTGATCGGAAGGCAGGAGACTACTCAAGCCGCGGAGGAGTTTCTGAGAGAAGTGAGGATCCTTACCGGCGTTCGTCACCGTAATCTTGTTCGTTTAATGGGATGTTGCACGCGAGGGCACGAACGCTTGCTGGTTTACGAATTTATGTCTAATAATAGCCTTGACAAGCATTTGTTTGGAGAGATACGAAGTTCTTTGAGCTGGGAAAGGCGTTTCAACATTATATTGGGCACAGCTCGAGGGCTTGCATATCTGCACGAGGAGTCCGAAGTTTGCATTATACATAGAGATATAAAATGTGGGAATATACTTTTAGATGACAAATTTTGTGCTAAAATAGCAGATTTTGGTTTGGCTAGATTCTTCGCAGAAGACGAAACACATGTCTCTACAAGAGTCAAAGGAACAAGAGGTTACACTGCGCCTGAGTATGCCGTCCACGGACAATTAACTGAAAAGGCGGACGTTTATAGCTATGGGATTGTGATTCTTGAGATAGTAAGTGGGAGAAAGTGTATCGATGTAAGGCTGCCAGAGCCTATGCAAATTCTTCTACAATGGGTTTGGAATAAAAACGAAAACGATCAAGCTTTGGATATTGTTGATCCAACAACAGAGGGGAAATACCCAAGAGAACAAGCGTTGAGGGTAATAAAAATTGCACTTCTTTGCACTCAAGGATCCTGGTCGCTACGGCCAAGAATGTCAGAGGTTGCGTCGATGTTAACCAACAATTTAGAGACTCATGTTCAGCCTACACAGCCAGCGTATATAAATTCCTTTTCAAAGAAACATACGAAATCCTCCTCTACGTCCAACTCTGCAACCTCAGCTTCAACTTCTGTTGCAGGTCATGAATCGCATGGATCTATAACAGTGTCACTAAGTCCACGTTAG"
"PSME_30375",14.707968398512,0.0139414451719792,"ATGGCAAACATAGTTACTGTTGCTGCTTCTTCGTCCCGGTTCTCTTCTTCTACTTATGATGTGTTCATTAGTCACAGGGGGCCGGATGTAAAAAACACCTTCGCTAGCTATCTCTACAGACGCCTTTCTCATTGTGGATTGAGAGCCTTTTTGGACAGGGATGAATTGGAAAAGGGAGACACCATTTTTTCCCAAATAGAACTCGCGATCCATGGTGCATCTATCCAAATTGCAATTCTGTCTCCAACTTATGCGGAATCTACCTGGTGTTTGGATGAACTCGTGCTCATGAAAAACTCGGGGGCTACCATTCTGCCCATCTTTTTCAACGTGGTTCCTTCTGAGGTCCGCTATACAGAGAAACAAGGATCAGTGTATGCTGGAGCCCTGCGGAAGCTCCAGGGGAAGAGAACATCCGATCCTCAAACTGGTGAAGAGAAGCCAAGGTACGCTCTAGAAACTATTCAGAAATGGAGAGCCGCACTTTCATATGTTGCGGATCTCAGCGGTTTCGTTCATAGCGACAAGGACGACGAAGGTGAACTCTTGGAAAACGTCGTGGAAAAAATTTTGAAAGAGCTAGTAAACGAAGTTCGCGGAATTAAGATGGTTCGTACATACGATGATGTCTTCCGGCATACAGACTTTTGGGGTTGGTCGCAAGAGGCAGAAATGGGGCATCTATCATTTTCCCAAGCCTTAGAAACGAGGCTTAGATATTTGAGACTTGTTGTAGCCGAAGAAGGTTATTTAGAAGACATATTGAGGAGGGTTCAATCACCGCATCTGATATGGCTCCGTTGGTATCGATGTAACTACTCTTCTCTGCCTGACTGGATTCCGATGAAGAATTTGAGAGTTTTAGAAGTGGAGGGGAGCGTATTGAACACATTGTGGCCACTTCAATCTCAAGCGGTGCCTCTCCAGCTGCGAGAATTGAATATATATGCTCCCCTTTTCGAGATTCCAAAGTCTATAGGGAAGCTCAAGTACCTCGAAAGGATTGCCATAAGCCATCAATCCATCACCTCAACATCCACAGCATCCACACTCGAAAGGTTGCCCGANATTCCAAAGTCTATAGGGAAGCTCAAGTACCTCGAAAGGATTGCCATAAGCCATCAATCCATCACCTCAACATCCACAGCATCCACACTCGAAAGGTTGCCGGACGAATTTTGTAATCTTCTGGCCTTGAAATTCTTAGTTTTCAGCGATTTATCAAGAATGGTGTTGCTGCCCGATCGCTTCGGAGAGCTAACAAACCTTCAGTACATCGAATTGTCTCGTCTTGCCTCTTTGCAGTTGCTCCCAAATTCTTTTGGGAATTTGAAGCAACTCAAACATTTATCTTTGAGCCGTGCGTCCAGCTTGCGGATGCTGCCAGATTGCTTCGGAGAGCTAACGAACCTCGAATACATCGATTTGTATGGTACTCGCTCTTTGCAGATGCTCCCAAATTCTTTTGGGAATTTAAGTCAACTCAAACATTTATCTTTGGAATGTGCGTACAGCTTGAAGATGCTTCCGAATTCATTTGGAAACTTAACTCGACTCAGTCATCTATCTTTAAATGACTGCTGGAATTTGACCGTCTCCCAGAGAACACTAGGAAATATTACAATGCTGAAATATTTAGATTTTTCATATTGTAAGCAGCTGAAAGAATTGCCTCCCCAGGTCGCAAATCAACGGGCCTTGCAAAATTTGCATGTGAGTGCTACGATGTTAAAAGAAATCCCAAGCGATATTGTAGACCTCTCCAACTTGGAATATCTGGTATTAGGTAGCGATTTGTTGGAAGTGCTACCACCTGGTCTCGGTGACCTCAAGAGCTTGAAGAGATTAGCAATCCATTCAGCGCCGCAATTGAAATCCTTGCCCGATTCAATTGGACTGTTGACTCAGTTGACTGAGTTGGACATATATAGTTGTGGGATTGAATACTTGCCACGAGAACTTCTCAAGATGAACAATCTAGAATATTTGTATATAGATGATTGTCCTTTGCGGGAACATCCATTTACAATGGTGGTGGAAGGAGACGGAGAAATACTGTTATTAGAAGGGGAAAGAAAGTTGAAAAAATCGAGCTCCTCCAATGACAGATGCCTGTTGGCGCTCAAGACTTTAGAGCTGACACAAACGAAATTAAGGGAGGTATCTTTTGATGAGGGTGTTTGCCCTAATCTTCAACGACTGACCTTGAAATCGTGTTACGAATTGAGGCAAATAGGAGGGCTCTCTGGTCTTGAAACGTTGACATCTTTGCAGGCGTTAGAAGTTAGTGAATGTAAGAAGCTCCAGAGCATCTCAGGGTTGGGGAAGCTCACAAAGCTTACAGAGCTACATGTTAGAGGATGCGAGAGCATTCCAGGTTTGGGGAACCTAACAAAGCTTACAGAGCTACATGTTAGTGGATGCGAGAGCATTCCAGGGTTGGGGAAGCTCACAAAGCTCACAATATTAGAGGTCAGTCGATGCGAGAAGCTTCAGAGCATCCCATGGTTGGGGCAGCTCACAGAGCTCACACGTCTAGATGTTCAAGAATGCCGTGAGATTCCAGAGCTGCCAGGTGTGGAACATATGATTTCTTTGAAGAGGTTGGATGTTGGGGGATGCAAGAAGCTCCAGAGCATCCCAAGTTTGGGGCAGCTCACAAAGCTAGCACATCTAGATGTTCATGGATGCAGTGAGATACTAGAGCTGCCAGGTGTGGAACATTTGATTTCTTTGGAGAGGTTGGATGTTGGAGGATGCAAGAAGCTCCAGAGAATGCCAGGTTTGGGGAAGCTCACAAAGCTAGGACATCTAGATGTTCATGGATGCACGGAGATACTAGAGCTGCCCGGTGTGGAACATTTGATTTCTTTGAAGACCATAAGAGCTTGGGAATGTGAGAAGCTCCAGAGCATCCCAAGGTTGGGGCAGCTCACAGAGCTTCGACATCTAGATGTTGGTGGAAGCCGTGAGATAAGAGAGCTGCCAGGTGCGGAACATTTGATTTCTTTGGAGAGGTTGAATGTTGGGGGATGCGAGAAGCTCCAGAGCATTCCAGGGTTGGGGAAGCTCACAAAGCTTACTGAGCTAGATATCAGTGGATGCCGTGAGATACGAGAGCTGCCAGGTGTAGAATATTTGACGTCTTTGGAGTTGTTCACTGCCAATGGATGTGAGAAGCTCAAGAGCATACCAGGTTTGGGGCAGTTCACAAAGGAGCTAGATATCAGTGGATGCCTTGAGATACAAGAGTTGCCAGGTGTGGAACATTTGACTTCTTTGGAGAGGTTGGATGTTGGGAGATGCCAGAAGCTCCATGGCATCCGAGGGTTGGGGCAGCTCACAAAGCTTAGACATCTAGATGTTCATGGATGCAGTAAGATACTAGAGCTGCCAGGTGTTGAACAGTTGACTTCTTTGTTGACTTCTTTGGTGAATTTGGATGTTGGAGGATTGAAGAAGCTCCAAAGCATCCCAGGATTGGGGCAGCTTACACAGATGAGAGTATTAAATGTTAGTGATTGTTACGAGTTACGAGAGCTGCCAGGAGTGGAAGATTTGATGTTATTGGAGAATCTTGATGCTCGCGATTGTCCCAAACTGCAGTGGAATGAGGGAGTGGTCGAGCAGCTGTGCCAACAATTAAATGATGGCTTCATATACGAACGAGACAAACAAAAATGCAGCTGTCTGCAATTTCTGCAATTTCCATGTATGTGGATATGGCAAGGTATGGACAGGGCAAGCCATACTCATCCCGTGGCAGATTAA"
"PSME_29048",16.5290018315542,0.0167979520826777,"ATGCTTGAGAAGTTTTCAGCTTGTGATCATACTATAATAGATCAAATCAAGGGATGTATAGTGGACTCTGCTCCAGTTGCAACACCAGATCCTCAGGTTTGGGCCGCAGGTTTTTTGGCTGCCTTACTTAAGAAGCAGAGCGTTGCAACAAAGGGACTATTAAAGGGAAGAGAAGGGACTGCAGAACTGTTGGGGTTTGACGAAGCTCATTCAAGTGAGCCAAAGCCTGATGTTGCAGAAACAGCTTTACTTGTGATGTTGGAGAATTTCTTCAAACTATTATTCAAGATCCCATATGTTGACACGAGGCTTTCTGATGTGTTCAGAATTTTATCACATCAACAACCACAGTGCCATCAGCTATACATTTACAGTTCTGCTGATAAGGTTATCCCTGGTGAATCTGTGGAGGCATTCATTGTGAAGCAAAAGAAAGCAGGATACAAAGTCACGGCTTGTAATTTTGTACTATCACCCCATGTGGACTATTTTCGAGAATTCCCAGAGCTTTATAGTGCTCAGCTAAGCAGCTTCTTGAAGGAATGCCTGCATTGTAATAAAGAGCAAAACATAAATGTGTGA"
"PSME_51370",15.0732625328032,0.0167979520826777,"ATGAGAGATGGCCTACTGGAAGCAGGGGTTCTTCCATACAATGGATATACGTTGGATCATTTGGACGGAAGCGCCTCCATCTTCGACAGCAATGGCAAGAGACACACAGCAGCTGACCTTCTCAAGTCTTCCAATCCCGATAATATTGTAGTCCTTCTCAATTCTACCGTCAGCAGGATTCTCTTCAACTCTCCAGCACAAGAAACGAAGGATGGCTCCTCTGGGAAACCAAGGGCTAGTGGAGTTGAATTCATGGACCGCGATGGACGGTCTTATCAAGCTTTTCTGAATGAATCATCGAATTCCAGCGAGATAATCCTTACTGCAGGAGGCCTAGGCAGTCCCCAGCTGCTCCTCTTGAGCGGAATCGGCCCATCTGAACATCTTAAAGAATTCAATATTCCTTTAGTCCTACATCTGCCCTCCGTAGGGCAAAGGGTTCAAGACAATCCCCGTTCATCGGTAACCTGGCTATCTCACCAATACTACGCTATACAGGTAGTGGGCATTCTTAAAGCTTCTCAAAATTACATCGAGTCCCTGAGCAGCTTTGTAAACGGCACCCTATCCCCACCGGGCCCAAAGAAAGACAACGTTTATAGCGAAGTAATATTTGAGAAGCTGGCATTTCCGTTATCGAGGGGAGAGCTTCGGCTGCGCACCAGAGATCCTCGAGACAATCCATCTGTTCGATACAACTATTATTCTCACCCTCAGGACCTCGAGGGATGTGTGCATGGCGTGAGGGTCATCTCTAATCTCCTCAATTCACCGTCTCTGCGGAGATTTAATTCGAATTCATCTCATGAGTTCAACTTCACTGGGCAGCCGTTTCCAAAGAACATGTCGGATGATGCAGCCGTGGCTCAGATCTGCCGTAATACGTTGAACACAATCTGGCATTTCCATGGAGGGTGTGAAGTTGGGTATGTGGTTAACAAGAGATATGAGGTCAACGGAGTCGAGAGTCTCAGGATTGTGGATGCCTCAACGTTCACAGACGGCCCTGGAACAAACCCACAGTCCACCACTATGATGCTGGGCAGGTACGTGGGAATGAAGATTCTTCAAGGATGGGCGTGA"
"PSME_27294",-4.42253643990097,0.0311550888545254,"ATGGACATTTTCGCCTCTCCTCCTCCTGGTCTTGCACGTCACTCTCCATCAGGTACGGTGTTTGACTCTTCACCCCCGATCGAAATTGTTCCAGAGTCTTATTTCGAAGCTGTGGATTGTTTAATCTCTTCCCATAAGAAGACGGACGTACCATTACCTTCTCCGACCTGTGCTATGACCCCCCTCTCCCCTAGGCCTTTACTCCCGGACCCGATTTGTTTATCAGGCACTATTCCTTCGACTGGTTGTCTTTCTCATAGCCCACTGGATCTTGACTCTCTGGTAGATTTTCCTCCGCTCCCTAGGATTATTTCCGTTCATCCCCGGGCCTTCAGGCCTCGATGTTTTAGATTGCACCAACAAAGTGGAGCTGATCAAGCTGGAAGGAAGAAAGATTGGAGAAAGATGGCCGCCCCGGACAGCTGCTTCTGCACTAGCCAGCAAAACTGCATTGACATTGTGGTCGTAGGAGGCGGCGTTGCAGGGCTGGCCACAGCCCTTGCCCTTCACAGGATCGGGCTTAAGAGCCTAGTGCTGGAGCGCTCTGATTCTCTTCGAACTTCAGGTGCGGCCTTCATTATGTGGCCCAATGCTTGGAGAGCACTTGACGCTCTTGGTGTAGCAGATACCCTTCGTCCAAATTATTGTCAGCTTGATGGAATACGGGGTTTCTCAAAATGCTCTGGTGTCCAGAAGGATGTTCAGCTAATTAAAGACTGCACACGCGGATCAAGTATGAATTGCCGGGAATCTCGCTGTATAGAAAGAAGCGCGCTTCTGGAAACCCTAGCTAAAGCGTTGCCTGATGGGTGTATCAGATTCAACTCTAAACTTGTTTATATACATAAAAATAACGGCAATCCTTTCACCACACTAGAGCTGGAGGACGGAACATCCATCACTGCTAAGATCGTAATTGGTTGTGATGGCGTGCATTCAGTAGTTGCACGGTGGATAGGTTTAGAAGCAGCTAAACCCTCTGGACGCGCCGCAATCAGAGGGATGGCAACGTTTGCTGAGAGCCATCCTACAATAGAGAAAAAGATGGTACAAATATGGGGTAAAGGGGTGAGGGCAGGATACATTCCCTGCACAGACAAACAAGTCTATTGGTTTATCACCAGGAAATCACAACCACAAGATGCCGATGTATCTCTGGATCCCGAGAGCCTGAGATGCGCAGCGTTAGAGGCGGTGAGAGATTTTCCAGAACCCATCGGAGAGTTAATAAAGTCAAGTTCGGCAGACACGTTGAATGTAGCGGAGCTAAAGTTGAGGTGGGTATGGCCGTGGAAATGGGACAAAATGGCGAAGGCAAAGGGGAGCGTGACGGTTGTTGGAGACGCGTTGCACCCAATGACGCCAGATCTGGGTCAAGGTGCTTGCTCTGCCTTGGAGGACGCTGTCATTTTGGCTAGATGCCTCTCAGTCTTGAATTTAAATTTAGAAGACAAATGGGGAGAAGAAGAAGAAAAAAAGATAAAGGATTGCTTCAAGGAATTCGGGGCGGCAAGGAAATGGAGACTGTTGGTCATCACTGGAGGAGCATATTTGGCAGGCATTGTGCTGGACGGATACTCCTCTTTCCTCCTATTTTTTCGTGAATGGATTTGGCTGCCTTTCATCTCCATGTCTTATATTACCTTCTTCGCAGCGTCTGACTGTGGGACTCTGCCCCCCAAATCTCATCAATTATAA"
"PSME_23020",13.260861643155,0.0331745447122457,"ATGAGGATATCCATCCACTGTTGTAGCCTAATGCTACAAGTATTGCTGCAACTGTTTCTGACATTTGCATCTAATTTTGCCTATATTGAAGACAAAGTGTCAAAGAGAGATTATCCAATCTGTTTATTTAGAAATCTGGTCAGATGGAAGGAAGCACAAGCTAATATACTACAGACTGGTCAATCAACGTTCATAACAGCACTACGATCAAAAAAGACATTGATTGATCTACAAACCTTGCTTCAGTCTACAAGAAAGGTTCAGGGAAAACTATTTGCATCAAGTGCATATTCAAATCCTTTTCATCCAATATGTCTAAACTGCAACTTGCCAACAGAAAATTTTGGATCAATACAAGGAAAAATGTTATACTGTAATAAGTGTGAAGCTGAGACAAATTTTATCTATTCACACCGATTAAAATGCAATATAATCAACACCGAAGGTGCAAAAGTACCATGTACTTTGAAATCTGATCTCCTGAAGACAGTCCTCCCGGCTTTGACAGATCTATCGTATGAGGACTACTTAACAGACAAATCTGTTATGATATACTTAATACGTGACTTCTCCTTTGAAGGAGTCTTTAATATAACACATTACAAAAGGAACTATAATGGTCAGCAGCTATAA"
"PSME_37466",10.8953822259672,0.0331745447122457,"ATGCCACCCAAATGGCACGATAAACCCTACCCAAGTTGTACCATTAATTTCCATATCGCTTATAATATTCATAATTGTCGCATCAGATTGAGTTGTCAGCCGGACTTTGGAATCGTTCTGTACTGCCGGCATTCTGCAATTCCAGTTCGTTCTGTACTGCCGGCATTCTGCAATTCCAGTTCTCCAACTGATGGTCAGTCCTGGAATAGATTACCAGTCGTCGCGCCGGTTGATATGAAGAATTCTACAATCATTGAAAGAAAACGGCGTAAAGAAATGAAAACGCTATTTTCAACGGTCAGATCATTGGTTCCAGAAGAATATCTCCGGGGAAAACGTCCAGTGTCAGAACAAGTGCTGGAAGCTGTTAATTACGTTCGCCATCTGCAGCAAAAAGTCCAAGACCTTTCATCCAAAAGAGACAAAATGAAGGCGGACTCTGACCAAAATGCAAAAGTTTCGATGGAGAAATCTGTTGATAAAATTCCCGATCGGGATCGGGAGTACCCTTCACTGAAAATAAACTCGGATCGGGAATACTCTTCACTGAAAATAAACTCGGTGAGTTCGGGTGTTCAGATCTGGACTAACAGTTTGGAATATGAGATTGTGTACTCTGAAATTCTACTGGCGTTGGAAGGAGGAGGGCTTGAAGTTGTCACTGCTGCTTCTTCTACCATTAGCAACAGAGTTTATCATACCATACATACCAAGATGTTTGAACATAATATTTTCAACGTTGAAACCCTCTACCATAAACTTTGGCATTTGATAAGGACTAAGCATCAGAGTCAAAATCTGGATCTCGAGAGTGTTGAAGCTAGAGCCTAA"
"PSME_13638",14.6110165505259,0.0331745447122457,"ATGGCTACGATATACTCTTTTGGAAGATACAGTAGGCATGCAGCAATTGATGGCCTCAGGGAGCTAAAGTCCGAGCTTGATTCAGATTTGTTAGATGCCCAAGGATTTGCAATGTTCTATAGATTTGTCTACTTCATTTGCCGCGAAAGAGGACAAAAGAACATCGTTGTCAGGACAGCTGTAGAGGCTTGGAGGTTGGTATTGGTAGGATGGTTCAGGCTGCTTGACCAGTGGTGTGAGTTTGTGGAGAAACATCAACGGTATAATATTTCTGGGGATACTTGGCTACAAGTATTCGAATTCAGCAGAGTTGTTCATGAGGATCTGAGTAATTATGACCATGAAGGGATTGGAGCATTTCAGTGCTATGATAAGTTTATGGTCTCTAACCTTAGATCCGCAGCCGAATCTATTGGCAAGAAGAAATGGGGTAATGGGGGCCCAAGTGATGCAGGTCAATACAAGAACTGGCCCGAGGACACAGCATTTTTCCGCAGAGATGGTGGCTAG"
"PSME_42174",11.6728469934881,0.0331745447122457,"ATGTTCACAAGCTCTTTTCTGCCATATGAGAATTTGGATCAAGATGATTCACATATTGCACCTGTGAGGCTTCATGTTGAGAACAAAGTAGAAGAGCATGCAAAAAGGGAACATCATTTAGATTCACAAGTACAAGAGGAGAGACATAACTTGGAGATGGTTGACTCTATAGATGTTGAGCAGTATGGAGGTCATGAGTCACTTCTTGAGGAGGGGGCATTAATGGCTTCGGTTGTAGTTCCAGATGTGTTGACAGGAGACATAGTCCAGGGACCAGTTGATAGTGACATGGACACGTTCCTCATCTTTCGGGATGGGTATAGTACAGATGTGTGGGATTCTGGTTCAAATGACACTAGTAGAGAGAATGCACAAGAGGATACCGCAACCTACACAAGATACAGGACAATTGTGACCCATGAGTGCATGAGTGGAACTCATGGTTTGAGGGGAGAGCCTTCAACAATGATTCTACATGAGCACTCAAAATTGCAGGTGACTGAGGAGAGATCTGACACAAAGGATTTGGATCAGCTGCGCAATGCTCCGACCATTTATCACAACTTGTGCTCATATCCACACTATAATGATAATGATTACAAATCCAAAAGCATCGAGAACGTTCAGTGGGTTCGAACAACAGATTTTACAGAATCCTGTAGTATAGGTCAATCTTCATCATTAGCATTGGAGCTTCCCAATTATTTAGATATTTCTCAAATCCGTGAAAAGTTTGTACATTACAAAGAAATTGAAGACAAGGTTTTGCTGCAACATGGAGGGCCATTTTCGTCAACGTCTATATTGGTGCCGATTCTAAAACCTCCTGAAGGTCTTCATTTACCTCACAGTGTAATTTTCAAAATAAATTCACTTGTTCAGCATGGTATCCTGAGCTGGCCAACACTTGGCAAGGAAATTTTCAATTTGCTACAGTCTGACAGGAACCCCATTGCACTCGTAAACCAGGCTCTAGCTAAACTTGGTAATTCAGGATGGAATACTTGTTACAGACCAGCAGAGTGGCTCCAAAATCAATTTAAAATGTTCAAGAAATCAAACAGACACCTTGATGCCGGACATACAGTACCTTTGGAGAACGGTCTGATATATGTCAACAGTGTACAAGTGACTCCTTCAAAGATCTACTTCTCTGGACCTGAAGTTAATGTTTCCAATCGTGTGCTACGGCACTATGCAAACTACAATGAAAACTTTCTGCGTGCTTCCTTTGTTGACGAGAACTTCGGTTCCCTCTATTCTAGGGACCTGTCTCGATGGATGGGCCATGGAGTACCACAACAACATACCAAATTATACGAGCGGATTCTGCATGTCTTGAGAGAAGGTTTTTTGATAGGGGACAAAAAGTTTGAGTTTCTGGCCTTCTCATCAAGTCAGTTGCGTGGAAATTCATTATGGATGTTTGCATCAACAGACAGACTTACTGCAGACAGTATACGAAAATGGATGGGCGATTTTTGGGCAATACGAAACGTTGCAAAGTGTGCGTCAAGAATGGGGCAATCCTTTAGCTCTTCTACAGAAACATTTGACATTCAGAATGATGAAGTTGAATACATTCATGATATAGAATTCATAGAAGCTAATAGCAATGGCAAACGATATATCTTTTCAAATGGAATTGGAAAAATCAATCCCTTGTTTGCAGAACAGGTGGCTCGCAAGTGTAGATGTGGTAACATAGTACCATCTGCTTTTCAAATAAGGTTTGCTGGCTACAAAGGTGTGGTGGCTGTGGATCCAAGATCCTCGTACAAACTCTCCTTGCGACCAAGCATGTTGAAGTACACTTCACATAATAAGAGTCTGGATGTCCTTTCTTGGACAAGATACAGACCTTGTTTCTTGAATCGGCAGATTATTTCTCTTTTGTCTACTTTGGGTGTTACAGATCATCACTTTGAGACTCTTCAGAAACAAGGAACGGAACTCATAAATCAACTTTTGATGAGCTCAGATAAGGCTCTTGATGTCCTGCAAATTATGTATATAGGTGAAAATCATAATGTTCTTACAGATATGCTTTCATGTGGCTACTGTCCAAGATCGGAGCCTTACCTATATATGATGCTTCAGGCATTTAGAGCATCTAAACTTGTGGAGCTAAGAAGCAAAGCACGTATTTTTGTTCCCAGGGGAAGATGTCTAATGGGATGCCTGGATGAAACTATAATGTTGAATTACGGTGAAGTGTTTATCCAAACCCGTCATGCTTCAAGAAACAAGAAGTTGTATACCGCAGGGCAGGATCACACTTATATAGTGGAAGGAAAAGTGATTGTTGCAAAAAACCCATGCCTTCACCCGGGTGATATACGAATCTTGTTGGCTGTGAACATTCCTAAACTTCATCATATGGTGGAATGTATAGTTTTCCCACAACAAGGAAAAAGGCCCCATCCTAGTGAGTGCTCTAGTGGTGATTTGGATGGTGATGTTTATTTTGTAAGCTGGGACAATTCACTAATTCCACATCAACAAGAGTCACCCATGGACTACATTGCTAAGCCACTCAAAGAATTGGATCACGAAGTGGCGATGGAGGACATTCAAAAGCATTTTGTAAATTATATGGTTAATGACAACTTGGGTATTATAGCAAATTCACACCTAGCATTCGCCGACCAAGAGCTGAACATGGCAAGGAGCTCTAAATGCATACGGTTAGCAGAGCTCCATTCCACAGCAGTTGACTTCGCCAAGACTGGAATTTCTGTGCAGGTTCCTCTCGATTTAATTCCGAAAAAATATCCAGATTTCATGGAGAAAGATTATAAAGACAGTTATGAATCAACAAATATTCTTGGTAAACTTTACAGGTCTGTGAAAGAATCAACAATGCAAAATCTTTTTACCAGGCCGGATATTGTAGAGAAAACCTATGATAAGGATTTGGAGGTGGCAGGATTTGATAGATTCCTTGATGAAGCCTTAAGATACAAGAACCAGTATGATTCGAGGTTGGCTACATTGATGGATCATTATGGGATTAGAGATGAAGCAGAGATCGTGTGTGGAAACATTGGGAGTCTATCAAACTTTATGGGCAGTGGTAAGAGACTTGGAGATATTAAAGGAACAATCATGTCAGTTGTGAAGGCTCTGAAAAAGGAAGCCAGGGCTTGGTTTGTAGACAAAAGTGATATTAACGAGCAATCTGCTAAGGCATCTGCTTGGTATTATGTCACTTACCATCCAAGCTACTGGGGTAAGAGAAATAATTATGTTTCAGATGATAATAACCGTCATCTAATTAGCTTTCCGTGGGTTGTATATGATATATTGCTGCGCATCAAACGCGGGAGACCTACTTACAAGAAACGTGACAGTGAGAGATCATTGCTGGGAGAAACCTGTAAGAAACTGAAAACCTGTTAG"
"PSME_19388",-15.2790036591145,0.0331745447122457,"ATGGGTATCTTCAATCCAAAGGGGAAAGATGCTCTGCATGCAGTGATTGTACCGGTTCCTGAACAGGGTCATGTTAATGCTCTCATCAATTTGGCCCAGCTGCTGGCTATAAGGGATGTTTTTGTTACTTTCGTCAATACTAACTGGATACACAAACGCATGCTGGAATCTTCAAAAAAACCTAAATCTTTTGTTTCCAGAGACGTTCCCTACTTGGCGCAGCAAGACTGGAGAATTCGCTTTCTGTCTATTCCCGATGGTTTACCGCCCGACCATGGTCGCACATCCAACCTATCCGAGTTTATTACTGCCCGGCAAAAGTTAGGTCCTGCTTTGGAGGACCTCCTTAGAACCTCTAATGAGAATTCACCATCGTTTCCACCCATCACGTTCATCATCACAGACGCCTTCATGCCTTGCACGGAGCAAGTTGCAAGAAATATGAAAGTGCCGAGGGTTATCTTCTGGCCTCTGTGTGCTGCTGCCTCCATTTCTCAATGCTACGCCAACTTCCTTCTTGCTCAGGGACATATTCCAGTAAATGTGAACGAAGCAAAAAATCCGGAGAAACTCATCACATGTCTTCCCGGCAACATCCCACCATTGAAGCCAACCGACCTGTTATCCTTTTATCGCGCTCAGGATCCGTCCGATACTCTTTTCCAAGCCCTTCTCTATGAGTCAGAGACGCAAAGTAAAGCGGACTACGTACTAGTCAACACGTTTGAGGAGCTCGAAGGAAGGGACGCAGTAACAGCACTCTCTTTGAATGGCTGTCCTGCTCTGTCCATAGGACCTGTTTTTCTTCCCAATTTTTTAAATGGAAGGGCTTCGGGCTACAGTCTGTGGGAGGAGGAGGAGAGCTGCCTGGGATGGCTGGATACGCAACAGCCACTATCAGTTATATATATTTCATTTGGCAGCATCGCCGTGAAATCTGAGCAACAGCTGGAGCAGCTGGCGCTAGGGCTTGAGGGCAGTGGACAACCTTTCTTGTGGGTTCTCAGGTTGGATATGGCAGATGACCAGCCTGCGGGTTTACCTAATGGCTTTAAAGAACGAACAAAGGATAGAGCACTGTTTGTGAGGTGGGCGCCACAGTCGAAAGTCCTTGCCCATCCTTCGGTGGGATTGTTTCTCACACACAGCGGATGGAATTCTACCTTGGAGAGCATGAGCATGGGAGTACCCGTATTGGGATTCCCATATTTTGGTGATCAGTTTCTCAACTGTAGATTCGCGAAGGAAGTGTGGAAGATTGGCTTGGATTTTGAAGATGTGGACCTGGATGACCACAAGGTGGTCATAAAAGAAGAGGTTGAGCATGTTCTTAGAAGAATGATGAGAACCGCTGAAGGAAAGAAGTTGAGAGACAACGTTCAGAGAGTCAAGGACTCCGCAACGAAGGCGATCCTCCCTGGAGGCTCTTCTTTTCTGAATTTAAACACTTTCATTAAAGACATGACGATGATGAGCCAAGGGTTCCGCTCCAAAAATGAAGCCATGTGA"
"PSME_51302",-4.04069014455773,0.0331745447122457,"ATGTCAACTGAAAACAAGATGGAAGAGAAACGCAAGACTGTTGTGGTGGCAGTGGATGAATCAGAAGAAAGTATGAGTGCACTGTCATGGGCTTGTAAATACCTCTGCCCTTCACATGGAGATACCGACAAACATCAGCCCTTCAAATTCATTCTTCTTCATATACAGCCTGATGCTTGCTTTGCTGCTGGCCCTGCGTATATAGTGAGTGAGGACGTTGTATATCTTCTGGAAATGGACGCAAGCAGGACAACCCAAAAGATCTTCGAGCGAGCTCTCTGTATCTGCAGAGAAAACAATGTGAAGGCAGAGACACAGGTGTTTGTGGGTGAGGTCAAGCAGAGGCTGTGTGAAGCTGCAGGCAAGTTGGGTGCGGATTTGTTGGTGATGGGTAGCCATGGCCATGGTTTTTTCAGGAGGTTTATTGTGGGAAGTTTGAGTGACTACTGTTGTCAAAGGGCACCCTGCCCTGTTTTGGCGGTGAACAAGAACGTCTGCAACAATAAAAGAAAGAAAGGCAGTGAATAG"
"PSME_06003",10.3058752529233,0.0337581595422711,"ATGTCTCCAAATGCAATAGGCCGTGACTTCAGCAGCACTAGAGAGTTTCTATCATTGGGAGCACTCCGAGCTCTGGGTAGGCATCCAGATAATTATAGCTCTGAGAAACCTCCTGATCATGGCTATGCTCGATCCAATAAAACGAAGAATACGGTTGTTAGCATTATGCGCTCTGTGGTTAGGGCTATCTACTCAGTTCCTGTATCAGCGTGTACTTCTTGTCCCAGTATGGATTCTGATCACCACAAGGATCCGGCCTCTCTTGGAAGCCGAGTGACAGGAACCCTGTTCGGTTACAGAAGAGGGCGAGTGAATTTCGCAGTGCAGGAAGATCCGAGGAGCAATCCTGTAATGCTTCTGGAACTTGCGACGCTTACGAACTCTCTAGTGAAGGAAATGGCCTCTGGATTGGTGAGAATAGCTCTGGAATGCGAGAGAACTGTGAACAGAGAAAAGCTGTTTCAGGAACCTAGATGGACCATGTATTGCAACGGGCGTAAGGCCGGTTATGCTCTGAAGAGAAGCTGGTCTGAGTCTGATTTGAGGATTCTGACTATGGTCCAGGCAGTTTCTATGGGCGCTGGTGTTCTGCCCGTGGAAGAAGAACTAGGGCCTGAAGGAGAGCTCATGTATATGAGGGCTAGTTTCGATAGGGTAGTCGGTTCAACAGACTCTGAAGCTCTGTATATGGTGAATCCTGATGGAATTGGAGGACCCGAGTTGAGTATTTTCTTTCTCAGGATTTAA"
"PSME_12596",-2.83409181549968,0.0413620490651339,"ATGCTAGATCTGCGTGGCCCAGAACTTCGATGCGGAATCTGTGGGGTTACTTATGGGCGTGTCGGACCTGCGAGAAGGCGTTCTGTGAGGAGGAGAGTGAACCAGTGTTTTCGAAGTTGGCACGGCTGTGTGATTTTCATGTTTATACAAAGCTTCCGCGTTGAAAGCCCCAATGTCAAGTACTCTGAGGAAAGCATCGACTCGACCTATGACTACCAGACGACTGAGCTCGTGCACGAGAATGCTAATGGCAAATACGAGTGGGTTATCAAGCCGAAGAGCGTGCGATACGAGTTCAAAACCGAGAGGCGGGTCCCTAAGCTTGGGGTCATGCTTGTCGGATGGGGAGGAAACAACGGCTCCACGCTCACGGCCGGTGTGATTGCAAACAGAGAAGGAATCTCGTGGGTAACGAAGGAGAAGGTACAGCAGGCGAATTACTTTGGTTCCCTTACGCAGGCTTCGACCTGCAGAATCGGATCCTACAAAGGCGAAGAGATTCATGCTCCTTTCAAGAGCCTTCTTCCCCTGGCGGAGCCTAATGACATTGTTTTTGGCGGATGGGACATAAACAACATGAATTTGGCAGATGCCATGGCCCGGGCTAAGGTTCTTGATATCGACCTCCAGAAGCAGCTGCGGCCTTACATGCAAGGCATGTTTCCTCTTCCCGGTATCTATGACCCGGATTTCATAGCGGCAAACCAAGGTGAGAGGGCAAATAATGTTCTCAAGGGTTCCAAGAAGGAGCAAGTGGAAAAGATTGTCCAAGATATCAGAGATTTCAAATCGAAAACAAAGGTCGACAAGGTAGTAGTACTGTGGACTGCTAATACCGAGCGTTACAGCGACGTTATTGTGGGTTTGAACGATACAAAGGAAACCCTGCTTGCTTCTCTGGAAAGAAACGAGTCCGAGATCTCGCCGTCCACTCTCTACGGCTTGGCCTGCGTTCTAGAGAACGTTCCCTTCATAAACGGCAGTCCTCAAAACACCTTCGTTCCAGGCTTGATTGATTTAGCAATTACAAAGAACAGTATCATAGCAGGAGACGACTTCAAGAGCGGGCAGACAAAAATGAAGTCGGTGCTCGTGGATTTCTTAGTCGGTGCGGGTCTCAAGCCAACTTCAATTGTGAGCTACAATCACCTCGGTAACAACGACGGGATGAATCTGTCGGCTCCGCAGACTTTCCGATCAAAGGAGATTTCAAAGAGCAATGTTGTGGATGACATGGTTGCCAGCAACGCCATCCTTTACGAACCAGGGGAACACCCAGACCATGTCATTGTCATCAAGTATGTGCCATACGTTGGAGACAGCAAGAGAGCCATGGACGAGTACACGTCCGAGATCTTCATGGGAGGGAAGAACACCCTGGTAATCCACAATACATGTGAAGATTCATTGCTTGCAGCTCCTCTGATCTTAGACTTGGTGTTGCTTGCCGAACTCTGCACCAGGATTCAGCTTAAGAAGGAAGGCGAGGCGAAATTCCATTCTTTCCACCCGGTAGCAAGCATTTTGAGCTACCTCACCAAAGCTCCGCTGGTACCACCTGGCACACCCGTCCTTAACGCCCTGGCAAAGCAGAGGGCGATGCTGGAGAACATCATGAGGGCATGCGTCGGTCTGGCTCCTGAGAACAACATGACCCTCGAGTACAAGTGA"
"PSME_16206",13.7646494078423,0.0413620490651339,"ATGGAGAAGTCCAGCTCAACAGATGAGATGATTAATTTCAACCAAAGAGAGGAATCATCAGTTCCATTAATATCGAATGGAATAAATTATAGTGAGCTTCCACAACATTACATCAGACCTCCCACCGAGCGACCCAGGCTGGAAGAAGTAGTTGTCTCTTCGGACTCCAATATACCCGTCGTGGACCTCCAAGGTCTCTTATGCGACTATACTAGACCCGAGGTTGTCCGACAAATTGGCCGGGCCTGCGCTGAATACGGTTTCTTCCAGATAATCAATCATGGAATTCTAGATGAGGTGATCAACGGAATGTTGGAAGTAGCGGAGGAGTTTTTCAGAATGCCCGTGGAAGACAGAATAGAATATTATTCAGACGATCCGTCCAAAAAAACACGTTTGTCCACCAGTTTCAACATTCACAAAGAACAAGTCTTCAACTGGCGGGATTGCCTGAGACATTACTGTTATCCTTTAAAAGATCATGTTCACACTTGGCCTTCAAAACCTGCTCATTATAGAGAAGTGTGCAGTCTGTATTGCACAGAGTTAAGGGCGCTTGCTCTAAGGCTGCTAGAGGCAATATCGGAGAGCCTGGCACTTGAGGCCGACTTTCTAGACAAAGCACTGGGAAAACACGACCAACATATGGCTATAAAGTACTATCGCAAGTGCCCTAGTCCAGAGCTTACATACGGTTTACCAGCCCATTCAGATCCCAATGTCCTCACTCTTCTTCTTCATGATGAACTGGCCGGTTTACAAGTTCTCAACAATGGACACTGGCTTGCTGTCAACCCTATTCCTAATTCTTTTGCTGTCAACGTCGGTGATCATTTACAGGTTCTGAGCAACAGAAGATACAAGAGTGTGTTGCATCGTGCTGTGGTGAGCTCTTCAAAAGCACGCATTTCTATTCCAACATTTTACTGCCCTTCTCCTGATGCAGTCATAGCTCCTGCAACGCCATTGACTGACCCGGAGCATCCTGCTCTATATAGAAGCTTCACGTACGACGATTATAAGTTTTGGAACAGTAAACTGCAACGGAATACTTGCTTGCAGTCATTCTCTCATGATCATGAATGGGAAGAAGAAGACTCCCAAATATTGGAGCCTTCCGCTCAGGAGGAAGAGGACAACCTCTGA"
"PSME_47136",9.18367030708312,0.0413620490651339,"ATGGTACAGGAACTCCCTTGCTTCGTCAGTTTGCTATTCGCTTACTTACACAGATTTTCTGTAGACGGGACTCCTGTTCGAGTGTTTAAGAATTGGGAGAAAGAGTTGAGTGGAGGGGATAACAACTATCACTATCCTAAGAGCCAAGCAATGAGGATATACTCTAGCCTGTGGAAGGCGGATGATTGGGCAACCAGAGGTGGACTTGTGAAAACAGACAAGACTAAAACCCCCTTTGTTGCATCCTTCCGCAATTTCAATGTTGTTGCTTCTTCTTCTTCTAACTTGGCCGCAGAGGAGGTTCTGGACTCCAACGAAGAGCAGAAGTGGGTGCGAAATAACTTTATGATCTACGATTACTGTAGTGACACCAAGAGGTTCCCCATGGGCTACCCTCGGAATGTAAATGAGCTCTGA"
"PSME_12910",16.4706310295372,0.0413620490651339,"ATGAGTAGATTTAGGGTCGGCAATGTGGACGAACGTTCTGTCATTGTTGTTCTGACATCAGTTATGCTTCTCCTTCATGCCATGGGTACTGTGATCGGAGCTCCGGTTGCTTCCAGCCAAAGCCGCCACCACCCTCATGGTTGGAAAATGGTATCCAAGTTCGGAAAATCCGTTTGTAGCCAGACACGTTTTCCTGAACGTTGTGCCTCATCTTTGGCTAGTTATCCAGGTTACGAGAGGGCAAACCCAGATGATTTGATGAATTTGGTAATCAAAGAGAGCATCGAACGGACAAAACATGCTCACGAATTTGCTATGAGTCTAAATAGTAATATTATGAGCGAAAGAGAAAATGCGGCATGGCAAGATTGTATCGAGCTTTTCGAGGATACGATGGACCGTCTCAACGTTTGTTTGAGCAACGAATCAGTCAAGAAATATATCCCTAATTGGCTCAGCGCAGCTTTGACGAACCAAGACACTTGCTTGAATGGATTCCGCGACCTCAATGTTACAGCCACCAGTAATATAAAAGATCTCATCTCGTCCAGAGCTCTTAATGTGTCCGAATTAGTGAGCAACTCGCTTTCCATGTACACGTTTTTTAGCTTATCTGCAAATACTTTGAAAAATCGTCGTCTTATGAATTTAGACAGACAAGAAGAGTTTCAATCTCATTATGGTAACATCCATGAAGATGGATTTCCGGAATGGTTATCTGCCGGAGATCGAAAACTCTTACAATCATCCAGTCCGGCTAGCCAAGCAAACGTTGTGGTTGCCCAAGATGGTTCTGGCAATTATCGAACCATTACCCAAGCAGTAAGCGCTGCGCCTCAGAAGAGTACAAAGAGGTATGTCATCTACATAAAAGCAGGCATTTACAAGGAGAACGTAGATGTATCTAAGGCAATGACAAATTTGATGTTCATTGGTGATGGCAAGGATCAAACCATCGTCACTGGAAGCAAGAACGTTCAAGATGGCTCCACTACTTTCAAGTCTGCAACTTTCGCTTCTGATCTGCAAGTCGTTAAAGCTTCCATCAAGACGTACTTGGGAAGGCCATGGAAGCAATACTCTCGCACTGTTTTCATGCAGTCCACTTTGGACGATTTGATCGATCCCACCGGTTGGCTGGAATGGGATGGGAATTTTGCGCTTCAAACATTGTATTATGGTGAGTATATGAATACAGGCGCAGGTGCGGGAACATCAAAACGAGTCACTTGGCCGGGATTTCATGTTATCACAAGTGCCACAGAGGCTGCCAAATTCACAGTTGGGCAACTTATTTCGGGTAATTCATGGATTCCCGCTACAGGAGTTGCATTTACCTCAGGATTGAATTGA"
"PSME_04115",8.98358103540249,0.0413620490651339,"ATGGAAAGCATTATAAGATTGATGGCGTTATTGTTAATTGGAATTGGACTGCAGCAGCTTCATTTAATATCGGTTTTCTCTGTCGATGGGAAACCTGATCCGTATATTTACGGTCTCTGCACTGTATTAAAATACAGAAATGACAGTGAATACGAGAGCAATGTGAACGCAGTACTGGAACACCTGGTGAATGCCGCTGACAAAAGCGAGGGATTCGCCACATATTCACATGGGCAAGTCAAGGGGCTTCTCCAATGCAGGGGCGACGTCTCTGACAACGAGTGCCAAAAGTGTTCTACAATAGCTTCACAGATGGCTGAAGACTGCCGCAGAGCCTTTGGCGCCCAGATTCAGATGGAATTCTGCTTTATTCGTTACGAGAATTACAACTTTGCATCTGTTTTAGATACCAACGTGATCTATGGTCTTAAGAATGTGAAGAGCAACAGTGATATTCATGGTTTCAATAAAACTCTGGAGAATCTGCTCGAATCTCTGGCAGGCAAAGCTTCCTCAAGCGTGAAAAGATTCGCCGCCAAATCATCAGAAGTTCATTCTGATTCTGTCACAATCTACGGATTGGAAATGTGCTGGAGAAGTCTTGCGGAGCATGAGTGTGGTGTTTGTCTGCGAAAAGCAATTGAAGCTCTGAATCGGTTCGGTTATTCTTCTCAGGTTGGAGCTCAAATGTTTCTGGGCAGTTGCACTATACGATTTGAGATATATCCCTTTTATAACAAAGACTAA"
"PSME_04789",-16.398869509822,0.0413620490651339,"ATGGCTGCTGTAGTTTCGAACTCTGTAGCCCAAGAGCAGGCTGAGATTATGGTAGAAGAAAAAGAGACGGCTTCGTCCTCTTCAACGTCGGTTGCAGGTTGTGGCGGTATGAGGTTCGAAGAGCACCTAGGATTTTCAGTCCGCACGCAATACATGCCCGCCGTGAAGCTACTGCAAATGGAATTTGAACCTCGCCCTGACGACATTTACTTGGCTTCGCCCATGAAGTCAGGGACAACATGGATTAAAGCTCTGGTTCACACCATCCTCTCACTTAAGCTTCGAGACGGAGACGCTCCGAGTATTGAGATTCCACGCGCTACGGTCGGTGAGAAAACTCCTCATGATTTGGTCCTCACCATTGATCATCTTTCCTTCTATCATTGTAACCAATCCGATCTTTCTATCTTCTCCGGACTTCCGTCCCCGCGTCTACTGCACAGTCATTTGCCATTCGATCTGCTCCCTCCCCTTGTCAAGTCTGGTCCGGCTGATTGCAAGATTGTTTACGTTGCTCGCAACCCCAGAGATACCTTCGTCTCCTTTTGGAAATTCTACACTAAAGTTCGTGACCATAAAATTCTGAGTGAAGATGTGACCAAAGAAACTGCTTTTGATGCGTTTTGCTCTGGCCTTTTCCATGGCGGCCCATTTGCTGAGAACGTTCTGAGTTATTGGCGAGAGAGTAGGCGTAATCCAAATAAGGTGATGTTTCTCACTTACGAGGAGCTGCAGGCAGACTGCAAGGATTGTGTTAAGAGGATAGGGGCTTTCTTGGGCTACTCTTCTACTCTACTGGAAGAGCACGCTCAGAAAATAGTGGACAACTGCAGTTTCGATCACCTGTCCAATTTGGAGGTAAATACAAAAGGGAGAGTGGAAAAGTTTAATGTATTAATAAGCGGTTCCACTTTTTTCCGGGAGGGCAAAGTGGGCGAATGGAAGAAGCATTTCACGCAAGAGATGGAGAATCGTATTCACAGAGATATTGAGCAGAAATTGATCGACGAAGGCCTCCTGTTCACATACTCATGA"
"PSME_31428",11.260992219082,0.0432156878992827,"ATGGGCACTGGGCGTGGATCATCGGCAACCATGCATGGTTTCATGGAAGGCCGAATAGCAGAGCAAAAGATGGTTGCAGGAATAACAGATGAAAGAAGATTATTTCCCAAGGTTCTGCTCCCTGCTCACCAATACATTAATTCTCACCAAGGAGTGATTGCAGATATAACCCAGACCATAAGTGACAACAAAGAATGGATACAACATCAGCTCATGGAACACAGCGCTCTGCTCTTCAGAGGATTCCCTCTCAAATCAGCTGCCGATTTCAGCTCATTTGTGGAAGCGTTTGGATGGGAAGAACAACCATATAAAGGCTTTGCTCCCAGAACTAAGTTGGAGGACAGAGTCTACACAGCCAACGAGGCTCCCTTGCACGAGCAGATAGAGTTCCACCATGAAATGGCTCTGATGAAATCATGGCCATCGAAGCTATTTTTCTTCTGTGAGACTGCACCTCCAGAGGGTGGCCAGACATCCATAGTTCTCAGCCACAGCATTCCGCGACGCATGGAAGACAGAATGCCCGAATTTGTAAGCAGATTGAAAAAGTTAGGTTTGGTGTTTAAAATAACTACTCTAGCCCAAAACACACCTGTTTCCTTCATAGCCAGAAATTGGCAGACTGCTCTTGAAACGAACGACCCAAACGAAGCAAAGAAGAGAGCTGTAGAAGTGATGGGCTGTTCGAGTTTCGAATGCTACGAAGATGGATCAGCAGAGTTCGTGTTCGGCCCCATGGATGCTATAAGAGCGTTCGAGGGATACAGAGGGAGGGAAGTCTGGTTTAATACCATAGGCGGCTATGGCGAAAGAAAAAAAAACCAGTGGCTAGGTTTGGGAGATGGGTGTGATATCCCTGGTGAAGCGGTGGAGGCATTGAAGGCCATAATGGATGAAGAATGTGTAGATTTAAGGTGGGAAGAAGGAGATGTGTTGCTGTTAGATAACCTTGCTGTTCAGCATGGAAGAAGGCCCTCAAAGCCTCCACGTCGTGTCCTGGTGGCCATGTGCAAATAG"
"PSME_11752",4.65327247493749,0.0432156878992827,"ATGACGATCAAAATAGATTTAGAGGATGGAAAATTCAGCGATCAAGCAGATATCAGCAAGCCATTGATTCCATCCAAGAAGAAGACTGAGAATAGAAAGAGTTTCGATGAGAGAAGCAATGGAGGGTCGATTGCAACTGTGCTGTTGAGCACATTTGTTGTTGTGATGGGCTCCCTGGAGTTTGGATTTTGTGTGGGCTTCTCTTCTCCCACTCAGTCTGCAATGATAGAAGAACTTGGACTAACCCTGTCTCAGTATTCTACCTTTGGCTCCCTACTGACTATAGGTGCCATGGTTGGTGCCATTGTGAGCGGCCGCATTGCAGACTACATGGGTCGGAAAGCGGCATTGAGGGTGTCTTCAGTCTCATATATCACTGGATGGCTCATTATATTCTTTTCAAAGGATGCACTCCCATTGGATATTGGAAGATTGTTTGTGGGATATGGAGTTGGCCTTACTTCCTTTACTGTTCCGGTCTACATAGCTGAAATAACTCCCAAGAACCTGAGAGGAGGGCTGACAACAACAAATCAGCTGTCCATAACCACTGGTACTTTAGTAGTATATTTGCTTGGGATGCTGGTTGGATGGCGCCTTCTTGCCATCATTGGAATTATCCCATGTGTTCTTTTGTTCTTGGGCCTTTTCTTTATTCCAGAGTCCCCTAGGTGGTTGGCAAAGGTTGGCAGGAACAAAGAGTTTGAAGCAGCATTGCAAGCCCTTCGTGGAAAGGATTGTGATGTTTCTGCGGAAGCAGCTGAAATCAGGGGGTGTGTGGCAGAGTTAGAGAGACTTCCTAAGGCCGGCGTAAGGGACTTATTCCAAGGCAGATATGCACATTCTCTGATTGTTGGAGTTGGTTTGATGGTGTTCCAGCAATTGGCAGGAATCAATGCTATCATTTTTTATGCCAGTGAAATTTTCCAAGCTGCTGGCTTTTCATCGGATCATGCCGCATCTGTTGCTGTTGCTGCTCTCCAGGTGCCAATGACAGCAATAGGTGCAATACTGTTGGACAAATCAGGAAGACGACCACTTTTGATGGTCTCTGCTGGAGGGATGAGCATAGGTTGCTTCATGGTAGGATTGTCATTCTACTTACAGGGTCATGGAACAAATGCACATCTCGCAACCAGCGTGAGCACATTGGCCCTAGGTGGTCTCCTGTCTTACATTGCAACATTCTCTTTGGGCATGGGTGGAATTCCATGGATCATAATGTCAGAGATATTTCCGATACATCTGAAAGGCATTGCTGGCAGTTTGGTCACTCTTGTCGCTTGGCTTGGCTCCTGGGTTATTACCATCACCTTCAACTCTTTTCTTTCATGGAGTGCTGCAGGTTCATTCTTCATCTTTTCTATGACGTCTGCCTGTACAGTTTTCTTCGTTGCATATCTTTTACCAGAAACCAAGGGTCAAACTTTGGAAGAAATTCAGACCTCATTCCGATCATTTTTCAAAAGAGACTTGGTTGAAGCCATTGTATGA"
"PSME_08506",12.4218339221118,0.0488944064009364,"ATGATGATGATGAGCCTGAGAAGCCCGCGGAACAAAAAGAGCCGCGAAGAATGGGAAGCGGTAAATCCGGACTATATCAATCCATTGTTTTCCCCGTCTCCATCGGAGCTCAGCGTTTCTCCGGGGCGCTTGAGCGCGGCCTCTCCTAACTCTTACGCTGTGTGTCCCTGGACGTTGCTGCCCTCCAATTCCCCCGAAGGCCCTCATTCATTTAGATGCGTTGCTTCGATGTTCAAGCCGGGCGGGCAAATATTTTCGTATTCAATAGCGCTTGCGGCAGACGCCCTTCTGTACACGGGCTCCGACAGCAAAAGCATAAGGGTATGGAGACACCCGGATTTCCCACTACATAGTACTCTCAAGTCCGGTTCGGGTAACGTCAAGGCTCTGCTCGTTGCCGGCGATCAAATTTTTAGCGCTCATGGGGACAACAAGATACGCATATGGCGCCGCTCGCGCTCGAATCCCAACGTCCACAAGCGCGTGGCGACGCTCCCCAAGTTGAACAGATTTCACAATTTAATCAGGCCCTTGGTAACCGACCACGGCACCCGTAGGGTGAAACACTCGCGGGGTACCGTGACCTGCCTTGCGTACGATGTAAACGACGATTTGCTGTACATGGCATCGTCGGATAAGACTGTGAAGGTGTGGAAAGTGTCGGAGTCCAAGTGCATTGAGACCATCGAAGCTCACACGGAGGCCGTCAATGCCATCGTCGTGCGGCAAGACGGGCTTCTGTTCACCGGATCCGATGACAACACGGTGAAGGTATGGACGCGGCAGCGTCGTGCTCAACAACCTAAGCACGAGCGAATGGTGACCCTTAACATGCAACTATCACCTGTGAAAGCCCTCTGCCTCGGCCCGGATGGCTCGCCCGTTCTGTTCGCTGGCTGTTACGATGGATATATTCATTACTGGGAGGAAGATCAATTCTCCGACCGAATATTTCATTACTCCGGTTTCCTTCGAGGCCACCTTTACTCAGTGATCTGTCTGGAGACTGTTCGCGATATGCTGTTGAGTGGCTCGGCTGATTCAACAATTCGTGTTTGGAAAAGGGAAGCGGGCGGCTCCGGCATATGTTGCATTGCAGTGATGGAGGGGCACAGCGGTCCCGTGAAATGCATAGCTGCCGCTGTCATGGATTTGCACGTGAACTCGTTTATAGCTTACAGTGGAAGCCTTGACGGAATGATCAAGGTGTGGATGGGTCGTATGAAAACCGCCATGGAATCTCGTCCTACCTCACCACTACGAATACACGGTTAG"
"PSME_39647",4.19165288202382,0.0498127542210747,"ATGGCAGCCCTAACGAGTATCAAATTCCTTGGAAGAAGGGATTATGAATATGGATGCTCTCTCTTGATCCTATTTTACATGATTCTTTCCCCGGCCTTGCTCGATACACTTCACGCAGAGGTTTACAATACATCCGATGCTTGGTGCAACAATGACACTTACTATGCCGAAGGATCTGTCTATCAGAGCAATCTGAATACAGTCATGAATAGTCTGGTTCAGAACACGTCCCAAACTGGGTTTAGCACAAGTGTGTATGGCCAAAGTCCGGACCGAATATATGGCCTCCTCCAATGCAGGGGTGACGCAACAGCTGATCAATGCTACAATTGCTCACAAAAAGCAACCACTACCATTCGACAAAGTGAAGAATGTGGGAATGCCAGTGAAGGTAGAATTTGGTTGGACGTGGAGTTGTGCTATTTGCATTATGACAACTCTAGTTTCATAGGACAACTGGACACTGAGTATGAGGTGTATTATAACGATCAAAACCCTGTCACCAGCCCTGATGTCTTTAACGCGGCTCTTCTGGACCTATTCACGAAATTGACAGCTGAAGCATCTGCAAATGGATCAAAGAATCGATATGCTTCCGGAAAAACTACAGACAACTTGTTGCGAGACATTTACGGTCTGGTCCAATGCACCAGAGATATATCTACTGACGACTGCAAAACATGCTTATCAGACACAATCAAAGGTATTCTCGCAAGTTATTCCGGAATGCAAGGAGCTGGGATTTGGAAAGGAAGTTGCTTGGTTCGTTATGACATAAATATTTTCTTTGCTCCGACTGCTCTTTCTCCATCGCCGGCGAAAGCGCCATCCAATATGCCGGCGGTCACACAATCAAGTAATAACAGGCTTTCAAACAAAATACCCATAATTTTAGGTGTTGTTCTTGGTGGCTTGCTTCTGGCGCTATTGATATGCCTGTTTACAACTCGGAGAAGATTAAACCGATACACAGTTGATGAGAAAGCCGCCGAGGAAGACACACTAGTCAGTGAGGATCGACAAATAGTGACGTTTGATATGGACACACTAGTCAGTGAGGATCGACAAATAGTGACGTTTGATATGGAGACATTGGTAATTGCCACCGACAATTTCAATGATGATAACAAGCTGGGAGAAGGAGGATTTGGCCCAGTATACAAGGGAACTGCTTATGATGGAAAAGAAATAGCCGTGAAGAAGCTGTCATTAAAATCTATGCAAGGAAAAAAGGAATTTCTGACTGAAATCAAGCTTGTCGCCCAAATTCAGCATAGAAATCTTGTGAAGCTACTCGGCTGTTGTGTAGAGGGGGCAGAAAGGTTGCTTGTCTATGAGTTCCTACCGAATAGCAGCCTCGATAAAATCCTATTCGATCCAATCAAACGCAAACAGCTTGATTGGAAGAAGCGTTACAACATCATATTGGGGGTGGCTCGTGGGCTTCTTTATCTTCACGAGGATTCTCAACCGAGGATTATTCATAGGGATATTAAAGCCAGCAATATTTTATTGGACGAGAAACTGAATCCTAAGATAGCAGATTTCGGCTTGGCAAAACTTTTTCCTGAAGATGAGAGTTGCGTGAGCAGCTTGACAAAAGTGGCTGGAACTCTTGGGTATATGGCACCGGAGTATGCTATGCACGGCCAATTATCAGCAAAAGCTGATGTTTATAGCTTTGGCGTCCTTCTCTTGGAACTTGTAACTGGAAGAAAGAACTCGGATTTTAATTTGTCACCAGAAATGCAGATTCTTTTAGGATGGGTCTGGAAATTTTACGAAGAAGGAAATAGTGTTGAGATTATTGATCCACTTGCAATGATTGAAAGCTGCGATGAGGAGAAAGCTTTGAAATGCATTCAGGCTGGTATTTGGTGTACACAACCAGACTCATCACTTCGCCCACCAATGTCTACAGTCATTCAGGCGCTTTCATATCATTCTGTGGCGTTGCCTGACCTCACGAAACCTGGTTTCGCCAATTCTGTTACCCGAATTAACACGAGGTACAACAGTTCTGTCTCTGGGTTGTCAAATAGTTATGCAACCACATCATCTGCTTCATCAAAGCTGGTTACTGCTCCTCCATCTCACTCTGATTCTTATAGTATTGAATTGGTACCTAGGTAA"
"PSME_48863",-5.56955304174932,0.0498127542210747,"ATGGAGAGAGGAGCGCATGGAACAAGCGACCAGGAATTCAAAACGTTTTGGTCTATAATTTTGAAGAATCCATTTATTTTGCAGCTCGCATTTTCTGCAGGGGTCGGCGGTCTCCTCTTCGGATATGACACAGGAGTGATATCTGGGGCTTTGCTATACATTCGAGATGATTTCGAAGCAGTAAATAAAAGTGTAATCTTGCAGGAGACTATAGTGAGCGTGACCATTGCAGCCGCTATAATTGGGTCGGCAGTAGGAGGATTCTTGAGCGACTATATTGGGCGGCGGCCGTCGATTCTTATTGCGGATGCGGTGTTTGCTGCGGGAGCAGTTGTCATGGCTGTGGCACCCGATCCATCTGTTCTCATTCTTGGCCGTGTACTCGTTGGTATAGGTGTAGGAATCGCCTCTGTAAGCGTCCCACTCTACATTTCAGAGGCTTCTCCTGCTAAAATAAGAGGAGCATTAGTTAGTACCAACAGTCTTATGATAACCGGAGGACAGTTTCTCTCCTATCTCATCAATCTCGCCTTCACTAAGGTACCAGGGACATGGCGTTGGATGCTCGGTGTTGCAGGCGTACCAGCTCTGCTTCAGCTGGTTTTGATGATTTATTTACCGGAATCTCCCCGCTGGTTATACAAACAGAATAAGGTTGACAAATCAGTGGCGATTCTCAGAAAGCTCTATCCTGAAGAAGAAGTGGGGATTGAGGTTGCGGCTCTCGAGGCTTCCATTGCTGCAGAAAAGGGGAACAAAATGAAGGATAAAGTTCTTAGCTTGATAAAATCACCGGAACTTAGACCTGCTGTGGTGGCAGGAGTCGGACTTTCGGTCCTGCAACAGTTTGTAGGGATAAACACTGTCATGTATTACAGTCCCGCAATTGTTCAACTGGCAGGCTTTGCATCGAACACAACAGCTTTGCTCCTATCGTTGATAACATCAGGACTGAATGCACTGGGTTCCTTATTGGGAATGTATCTCATTGACAAAACGGGAAGGAGGATGCTTGCAATCTTGAGCTTGAGTGGAGTTATCCTCTCGCTTGCCATGCTCACGGGAGTATTCCATTACACAGAGACTAACTCTCCTCCCGTACTCAGCCCCCGAAGATTGAAATCTTTGGGCCGGACAGAAAGCGACTATGTTTGCCCAGCTTATCAAACTGCAAATCAGCCTTGGACCTGTATTGAGTGCCTCACCAACAGTTGTGGATTCTGTCAATCAGAACCAGCCAATAAGGGTCACAGCTTTACTGGAACCTGTCTGGTGTCCAATCAAACTGTGCAAGATATGTGCCATAATCTGCGCCATTCTAGCAGCTCGTGGTTCACCCGAGGATGCCCCAGCCAGTTTGGGTGGCTTGCCATAATGGGAATGGCTCTGTACATCTGCTTTTTTTCGCCTGGCATGGGAATCGTACCGTGGGCAGTGAATTCAGAAATCTACCCACTTCAATACAGAGGAATCGGCGGAGGACTTGCAGCCACGAGTCTGTGGATCTCCAATCTCATCGTGTCAGAGACTTTCTTGAGTCTTACAGGTTCTATCGGTGTCTCCAAGACATTTCTGGTATTCATGGTTATAGCGATTATCACCTTGGTTTTCGTTATTCTCTTTGTGCCTGAGACGAAGGGGCTCTCCCTTGAAAAGCTTGAGGAGATGTTGCACCATCTGTATATGGAAAAGAAGAATGGTGGCAAATGGAGCTCTCTCTGTTACGTCCTGAGAAAACGCGACTCAAGTACGCGGAATGCTCAAGATTCGCAAAGAGTCTGA"
"PSME_40178",11.1874376128422,0.0498127542210747,"ATGATTTCATCTACAGAGAGCTGGCTAATCTTCGGATTTGTTAGAGTCATGATAATGATAGAGGTAGTAGCCCTCCCCGCTGTGACGGGCACGAATAAAGTTGCGGACAGACAATTAAACTTCTGGAGAGAAAAGCTTCACAGTGTTCAAGTACCCAACACGGTAGCGGCAAGTATGTCTCCGCTCACACAAGAGGAAGAGAACACCTTCGCTAAAATCATTATGGAAGGAAAGCTGCAATCCTATTCGAGCCAATTCTGTAAGTCCGCCAATTTACTGTGTTACCAACCTGTATACTTGGTTGAGGTTCGCCTAAAGAGATCTGTACACTTAAAGAGAAATGAGACAAGGAGAGACATATTTTTCTCATCCAAGGAGCTGAGGGAAGGAGGACAAATAACATTGCCAGAGCTTTACAGTCCTTGGAAGGCATTTTTGCCCCGGAATCTATCAGAGCTCTTCCCATTTTCCAGAGCAGCACTTTCAGATGTTCTTTCTTCTTTTAGCATCCCAACAAAATCAAACATGGCGGTGGACATGAACATGACTCTGTTAGCGTGCGAAGCTAGGCCCCAGCGAGGGGAAATAAAGAAGTGTACCACGTCGATTGAGGCCATGATAGATTTCGTTCTCTCTAACATGGGTTCTTCTGAGAGTGTAGAGCTTCTTTTTCACCCTGCGCCCAGTACAGGTGACTCTGGAAAGAAAGCTAGGGTTAGGAAAGTTGTTGAAAAACTATTTGTTCCTTCAAGCCGCCCCCCATTAGCCTGCCATCGCTTGGTGTATCCCTTTGGGGTGTCGTATTGTCATTCTATCAGTGGGACAAGGATTTTTACGATGGAACTTGAGGTGTTGGAGAAAAATGGAAATATGTATAACGCCAGTGCTCTTTGTCAGCCCGACGGACAGAGCAAGGGATCGGTTTATTGTCACCTGATTTGGGGGGACAGTCTGCTATGGCTAATTAAAGAAAATCACTAG"
"PSME_38415",4.26788744995053,0.0498127542210747,"ATGGAGTCCATAGCGGAGCAGAGGATGTCAAACAGGCTCATATTGGTTGCCGTAAACGAGACCGAGGAGAGCATCAATGCTCTCCAATGGGCTCTTAACAATCTGTTTGCATCGCAGGATAGAATCATTCTCATTCATGCTCAGCGAGCTTCAGTTTCCCCTCTTGCAACTGGAAGCCCAGTTTTCATGGTACCATTAGATGTGCAGAAGATGCTGGAAAACGATATCAAGAAGTCCACAGAGAAGATTTTGGACAAAGCAATGAAAACATGCAAAGCCAAAAATGTGATTCCAGAGACGGAGGTTCGCACTGGAGATGCCAGGGAGGTCATATGTAATGCTGCCAAGAAGTATAATCCTGAAATGTTAGTGCTAGGTAGTCATGGATATGGGGCTCTTAGGAGGATGGTTTTTGGCAGTGTGAGTGACCATTGTGTCCACCATGCACAGTGTCCTGTTGTTGTGGTGCAGCCCCAGAAGAACAAGCCTCGTTGA"
"PSME_40947",7.96248928521692,0.0498127542210747,"ATGGCCACGCCCCTTCCCCTCCTCTTTCTTTTACTGTTAATCTCATCAACTCTTCTTCTAACTGTCTCTGCAAATTTCTACAACGATGTAGACATAACATGGGGCGATGGTCGAGCTAAAATCCTTGACAATGGCCAACAATTACAGATGACTCTGGATCAAACTTCAGGTTGTGGGTTCCAATCCAAGAACGAGTATTTGTTTGCCAAGATTGATATCCAAATCAAATTGGTACCTGATAACTCTGCAGGCACAGTCACTGCCTATTATCTATCGTCCCAAGGTCCCAAACATGACGAAATAGACTTTGAATTTCTGGGCAATCTCTCTGGAGATCCCTATGTTATGCACACTAATGTCTTTGCTCAAGGCCTTGGCAATCAGCTATTATTCCTTGTTGTGGAATACAGGTTGGAAATATTGAACAAGAAAATGCTCCAGCAGCTTGTGCAAATAAATGAAAAGAAACTGAAACTGCAGGGTCTTCCAGGAATGGCCCTAGGGTTTGCGCTGACTGCGAGAGGACCACAACATCCCTATTGA"
